Date,Lifetime Total Likes,Daily New Likes,Daily Page Engaged Users,Weekly Page Engaged Users,28 Days Page Engaged Users,Daily Total Reach,Weekly Total Reach,28 Days Total Reach,Daily Organic Reach,Weekly Organic Reach,28 Days Organic Reach,Daily Viral Reach,Weekly Viral Reach,28 Days Viral Reach,Daily Total Impressions,Weekly Total Impressions,28 Days Total Impressions,Daily Organic impressions,Weekly Organic impressions,28 Days Organic impressions,Daily Viral impressions,Weekly Viral impressions,28 Days Viral impressions,Daily Logged-in Page Views,Weekly Logged-in Page Views,Daily Logged-in Page Views.1,Weekly Logged-in Page Views.1,Daily Reach Of Page Posts,Weekly Reach Of Page Posts,28 Days Reach Of Page Posts,Daily Organic Reach of Page posts,Weekly Organic Reach of Page posts,28 Days Organic Reach of Page posts,Daily Viral Reach Of Page Posts,Weekly Viral Reach Of Page Posts,28 Days Viral Reach Of Page Posts,Daily Total Impressions of your posts,Weekly Total Impressions of your posts,28 Days Total Impressions of your posts,Daily Organic impressions of your posts,Weekly Organic impressions of your posts,28 Days Organic impressions of your posts,Daily Viral Impressions Of Your Posts,Weekly Viral Impressions Of Your Posts,28 Days Viral Impressions Of Your Posts,Daily Total Consumers,Weekly Total Consumers,28 Days Total Consumers,Daily Page Consumptions,Weekly Page Consumptions,28 Days Page Consumptions,Daily Total Organic Views,Weekly Total Organic Views,28 Days Total Organic Views,Daily Total Organic 30-Second Views,Weekly Total Organic 30-Second Views,28 Days Total Organic 30-Second Views,Daily Total Video Views,Weekly Total Video Views,28 Days Total Video Views,Daily Total Auto-Played Views,Weekly Total Auto-Played Views,28 Days Total Auto-Played Views,Daily Total Clicked Views,Weekly Total Clicked Views,28 Days Total Clicked Views,Daily Video Repeats,Weekly Video Repeats,28 Days Video Repeats,Daily Total Unique Video Views,Weekly Total Unique Video Views,28 Days Total Unique Video Views,Daily Total 30-Second Views,Weekly Total 30-Second Views,28 Days Total 30-Second Views,Daily Auto-Played 30-Second Views,Weekly Auto-Played 30-Second Views,28 Days Auto-Played 30-Second Views,Weekly Total Clicked 30-Second Views,28 Days Total Clicked 30-Second Views,Weekly Total 30-Second Repeats,28 Days Total 30-Second Repeats,Daily Total Unique 30-Second Views,Weekly Total Unique 30-Second Views,28 Days Total Unique 30-Second Views,Weekly Total: total action count per Page,Daily Total Frequency Distribution - 1,Daily Total Frequency Distribution - 2,Daily Total Frequency Distribution - 3,Daily Total Frequency Distribution - 4,Daily Total Frequency Distribution - 5,Daily Total Frequency Distribution - 6-10,Daily Total Frequency Distribution - 11-20,Daily Total Frequency Distribution - 21+,Weekly Total Frequency Distribution - 1,Weekly Total Frequency Distribution - 2,Weekly Total Frequency Distribution - 3,Weekly Total Frequency Distribution - 4,Weekly Total Frequency Distribution - 5,Weekly Total Frequency Distribution - 6-10,Weekly Total Frequency Distribution - 11-20,Weekly Total Frequency Distribution - 21+,28 Days Total Frequency Distribution - 1,28 Days Total Frequency Distribution - 2,28 Days Total Frequency Distribution - 3,28 Days Total Frequency Distribution - 4,28 Days Total Frequency Distribution - 5,28 Days Total Frequency Distribution - 6-10,28 Days Total Frequency Distribution - 11-20,28 Days Total Frequency Distribution - 21+,Daily Page Posts Frequency Distribution - 1,Daily Page Posts Frequency Distribution - 2,Daily Page Posts Frequency Distribution - 3,Daily Page Posts Frequency Distribution - 4,Daily Page Posts Frequency Distribution - 5,Daily Page Posts Frequency Distribution - 6-10,Daily Page Posts Frequency Distribution - 11-20,Weekly Page Posts Frequency Distribution - 1,Weekly Page Posts Frequency Distribution - 2,Weekly Page Posts Frequency Distribution - 3,Weekly Page Posts Frequency Distribution - 4,Weekly Page Posts Frequency Distribution - 5,Weekly Page Posts Frequency Distribution - 6-10,Weekly Page Posts Frequency Distribution - 11-20,Weekly Page Posts Frequency Distribution - 21+,28 Days Page Posts Frequency Distribution - 1,28 Days Page Posts Frequency Distribution - 2,28 Days Page Posts Frequency Distribution - 3,28 Days Page Posts Frequency Distribution - 4,28 Days Page Posts Frequency Distribution - 5,28 Days Page Posts Frequency Distribution - 6-10,28 Days Page Posts Frequency Distribution - 11-20,28 Days Page Posts Frequency Distribution - 21+,Daily Talking About This By Story Type - fan,Daily Talking About This By Story Type - other,Daily Talking About This By Story Type - page post,Weekly Talking About This By Story Type - fan,Weekly Talking About This By Story Type - mention,Weekly Talking About This By Story Type - other,Weekly Talking About This By Story Type - page post,28 Days Talking About This By Story Type - fan,28 Days Talking About This By Story Type - other,28 Days Talking About This By Story Type - page post,Daily Page Stories By Story Type - fan,Daily Page Stories By Story Type - other,Daily Page Stories By Story Type - page post,Weekly Page Stories By Story Type - fan,Weekly Page Stories By Story Type - mention,Weekly Page Stories By Story Type - other,Weekly Page Stories By Story Type - page post,28 Days Page Stories By Story Type - fan,28 Days Page Stories By Story Type - other,28 Days Page Stories By Story Type - page post,Daily Page Consumptions By Type - link clicks,Daily Page Consumptions By Type - other clicks,Daily Page Consumptions By Type - photo view,Daily Page Consumptions By Type - video play,Weekly Page Consumptions By Type - link clicks,Weekly Page Consumptions By Type - other clicks,Weekly Page Consumptions By Type - photo view,Weekly Page Consumptions By Type - video play,28 Days Page Consumptions By Type - link clicks,28 Days Page Consumptions By Type - other clicks,28 Days Page Consumptions By Type - photo view,28 Days Page Consumptions By Type - video play,Lifetime Likes by Gender and Age - F.13-17,Lifetime Likes by Gender and Age - F.18-24,Lifetime Likes by Gender and Age - F.25-34,Lifetime Likes by Gender and Age - F.35-44,Lifetime Likes by Gender and Age - M.13-17,Lifetime Likes by Gender and Age - M.18-24,Lifetime Likes by Gender and Age - M.25-34,Lifetime Likes by Gender and Age - M.35-44,Lifetime Likes by Gender and Age - M.45-54,Lifetime Likes by Gender and Age - M.65+,Lifetime Likes by Country - AU,Lifetime Likes by Country - BD,Lifetime Likes by Country - CA,Lifetime Likes by Country - DE,"Lifetime Likes by City - Barisal, Barisal Division, Bangladesh","Lifetime Likes by City - Bogura, Rajshahi Division, Bangladesh","Lifetime Likes by City - Brahmanbaria, Chittagong Division, Bangladesh","Lifetime Likes by City - Chandpur, Chittagong Division, Bangladesh","Lifetime Likes by City - Chittagong, Chittagong Division, Bangladesh","Lifetime Likes by City - Comilla, Chittagong Division, Bangladesh","Lifetime Likes by City - Cox's Bazar, Chittagong Division, Bangladesh","Lifetime Likes by City - Dhaka, Dhaka Division, Bangladesh","Lifetime Likes by City - Dinajpur, Rangpur Division, Bangladesh","Lifetime Likes by City - Faridpur, Dhaka Division, Bangladesh","Lifetime Likes by City - Feni, Chittagong Division, Bangladesh","Lifetime Likes by City - Gazipur, Dhaka Division, Bangladesh","Lifetime Likes by City - Ishurdi, Rajshahi Division, Bangladesh","Lifetime Likes by City - Jaipur Hat, Rajshahi Division, Bangladesh","Lifetime Likes by City - Jamalpur Sadar Upazila, Dhaka Division, Bangladesh","Lifetime Likes by City - Jessore, Khulna Division, Bangladesh","Lifetime Likes by City - Khulna, Khulna Division, Bangladesh","Lifetime Likes by City - Maijdee Court, Chittagong Division, Bangladesh","Lifetime Likes by City - Maulvi Bazar, Sylhet Division, Bangladesh","Lifetime Likes by City - Mymensingh, Dhaka Division, Bangladesh","Lifetime Likes by City - Narayanganj, Dhaka Division, Bangladesh","Lifetime Likes by City - Narsingdi, Dhaka Division, Bangladesh","Lifetime Likes by City - Nawabganj, Rajshahi Division, Bangladesh","Lifetime Likes by City - Netrokona, Dhaka Division, Bangladesh","Lifetime Likes by City - Pabna, Rajshahi Division, Bangladesh","Lifetime Likes by City - Parbatipur, Rangpur Division, Bangladesh","Lifetime Likes by City - Rajshahi, Rajshahi Division, Bangladesh","Lifetime Likes by City - Rangamati, Chittagong Division, Bangladesh","Lifetime Likes by City - Rangpur, Rangpur Division, Bangladesh","Lifetime Likes by City - Riyadh, Saudi Arabia","Lifetime Likes by City - Satkhira, Khulna Division, Bangladesh","Lifetime Likes by City - Sirajganj, Rajshahi Division, Bangladesh","Lifetime Likes by City - Sunamganj, Sylhet Division, Bangladesh","Lifetime Likes by City - Sylhet, Sylhet Division, Bangladesh","Lifetime Likes by City - Tangail, Dhaka Division, Bangladesh","Lifetime Likes by City - Tongi, Dhaka Division, Bangladesh",Lifetime Likes by Language - bn_IN,Lifetime Likes by Language - en_GB,Lifetime Likes by Language - en_US,Daily Demographics: People Talking About This - F.18-24,Daily Demographics: People Talking About This - M.18-24,Daily Demographics: People Talking About This - M.25-34,Weekly Demographics: People Talking About This - F.18-24,Weekly Demographics: People Talking About This - F.25-34,Weekly Demographics: People Talking About This - M.18-24,Weekly Demographics: People Talking About This - M.25-34,Weekly Demographics: People Talking About This - M.35-44,28 Days Demographics: People Talking About This - F.18-24,28 Days Demographics: People Talking About This - F.25-34,28 Days Demographics: People Talking About This - M.13-17,28 Days Demographics: People Talking About This - M.18-24,28 Days Demographics: People Talking About This - M.25-34,28 Days Demographics: People Talking About This - M.35-44,28 Days Demographics: People Talking About This - M.45-54,Daily Country: People Talking About This - BD,Weekly Country: People Talking About This - BD,28 Days Country: People Talking About This - AU,28 Days Country: People Talking About This - BD,28 Days Country: People Talking About This - DE,"Daily City: People Talking About This - Dhaka, Dhaka Division, Bangladesh","Weekly City: People Talking About This - Chittagong, Chittagong Division, Bangladesh","Weekly City: People Talking About This - Dhaka, Dhaka Division, Bangladesh","Weekly City: People Talking About This - Khulna, Khulna Division, Bangladesh","Weekly City: People Talking About This - Mymensingh, Dhaka Division, Bangladesh","28 Days City: People Talking About This - Barisal, Barisal Division, Bangladesh","28 Days City: People Talking About This - Bogura, Rajshahi Division, Bangladesh","28 Days City: People Talking About This - Chandpur, Chittagong Division, Bangladesh","28 Days City: People Talking About This - Chittagong, Chittagong Division, Bangladesh","28 Days City: People Talking About This - Comilla, Chittagong Division, Bangladesh","28 Days City: People Talking About This - Dhaka, Dhaka Division, Bangladesh","28 Days City: People Talking About This - Dinajpur, Rangpur Division, Bangladesh","28 Days City: People Talking About This - Gazipur, Dhaka Division, Bangladesh","28 Days City: People Talking About This - Jaipur Hat, Rajshahi Division, Bangladesh","28 Days City: People Talking About This - Lalmonirhat, Rangpur Division, Bangladesh","28 Days City: People Talking About This - Mymensingh, Dhaka Division, Bangladesh","28 Days City: People Talking About This - Narayanganj, Dhaka Division, Bangladesh","28 Days City: People Talking About This - Rajshahi, Rajshahi Division, Bangladesh","28 Days City: People Talking About This - Rangpur, Rangpur Division, Bangladesh","28 Days City: People Talking About This - Tangail, Dhaka Division, Bangladesh","28 Days City: People Talking About This - Thakurgaon, Rangpur Division, Bangladesh",Daily Language: People Talking About This - en_GB,Daily Language: People Talking About This - en_US,Weekly Language: People Talking About This - en_GB,Weekly Language: People Talking About This - en_US,28 Days Language: People Talking About This - bn_IN,28 Days Language: People Talking About This - en_GB,28 Days Language: People Talking About This - en_US,Daily Logged-in Tab Views - home,Daily Logged-in Tab Views - tab_home,Daily Positive Feedback From Users - like,Daily Positive Feedback From Users - link,Daily Positive Feedback From Users - other,Weekly Positive Feedback From Users - comment,Weekly Positive Feedback From Users - like,Weekly Positive Feedback From Users - link,Weekly Positive Feedback From Users - other,28 Days Positive Feedback From Users - comment,28 Days Positive Feedback From Users - like,28 Days Positive Feedback From Users - link,28 Days Positive Feedback From Users - other,Daily Positive Feedback From Users - like.1,Daily Positive Feedback From Users - link.1,Daily Positive Feedback From Users - other.1,Weekly Positive Feedback From Users - comment.1,Weekly Positive Feedback From Users - like.1,Weekly Positive Feedback From Users - link.1,Weekly Positive Feedback From Users - other.1,28 Days Positive Feedback From Users - comment.1,28 Days Positive Feedback From Users - like.1,28 Days Positive Feedback From Users - link.1,28 Days Positive Feedback From Users - other.1,Daily Liked and Online - 0,Daily Liked and Online - 1,Daily Liked and Online - 2,Daily Liked and Online - 3,Daily Liked and Online - 4,Daily Liked and Online - 5,Daily Liked and Online - 6,Daily Liked and Online - 7,Daily Liked and Online - 8,Daily Liked and Online - 9,Daily Liked and Online - 10,Daily Liked and Online - 11,Daily Liked and Online - 12,Daily Liked and Online - 13,Daily Liked and Online - 14,Daily Liked and Online - 15,Daily Liked and Online - 16,Daily Liked and Online - 17,Daily Liked and Online - 18,Daily Liked and Online - 19,Daily Liked and Online - 20,Daily Liked and Online - 21,Daily Liked and Online - 22,Daily Liked and Online - 23
2/7/2021,9239,3.0,29,928,4219,921,8867,31929,918,8855,31908,813,6408,28265,1492,22473,163733,1456,21967,158254,1258,11841,113623,36.0,553.0,24.0,253.0,918,8855,31908,918,8855,31908,813,6408,28265,1456,21967,158254,1456,21967,158254,1258,11841,113623,24,657,3279,30,1028,8167,31,302,15936,7.0,43,3427,31,302,15936,31,285,15538,1.0,17,398,3.0,69,8223,28,233,7713,7.0,43,3427,7.0,36,3272,7,155,5.0,1009,7.0,38,2418,2.0,697.0,92.0,23.0,14.0,14.0,31.0,12.0,1.0,4245.0,1706.0,793.0,519.0,368.0,568.0,180.0,49.0,14981.0,4251.0,2295.0,1629.0,1218.0,3368.0,2430.0,1516.0,701.0,89.0,22.0,13.0,12.0,31.0,12.0,4267.0,1691.0,792.0,520.0,369.0,567.0,169.0,41.0,15016.0,4218.0,2312.0,1617.0,1213.0,3383.0,2416.0,1448.0,3,4,1,29,1,403,21,511,1487,60,3,6,1,29,1,662,72,514,4620,293,10,16,2,2,170,768,64,26,857,6487,334,489,18.0,1384.0,455.0,28.0,30.0,4530.0,2545.0,126.0,34.0,41.0,25.0,8936.0,37.0,27.0,51.0,45.0,13.0,27.0,358.0,82.0,19.0,6810.0,26.0,18.0,31.0,91.0,12.0,15.0,12.0,59.0,127.0,9.0,23.0,65.0,85.0,47.0,9.0,19.0,19.0,8.0,85.0,14.0,87.0,9.0,12.0,25.0,8.0,81.0,37.0,16.0,461.0,1767.0,6938.0,2.0,4.0,2.0,88.0,8.0,243.0,70.0,2.0,352.0,60.0,10.0,1066.0,275.0,15.0,8.0,8.0,408.0,6.0,1785.0,10.0,4.0,16.0,319.0,6.0,4.0,10.0,24.0,7.0,78.0,33.0,1340.0,12.0,20.0,7.0,3.0,29.0,18.0,26.0,33.0,9.0,5.0,3.0,5.0,169.0,258.0,9.0,816.0,1051.0,16.0,7.0,6,1,3,3,659,69,33,113,1472,59,518,4,1,3,3,402,21,31,319,4301,262,553,4777.0,4609.0,4543.0,4449.0,4805.0,4993.0,5080.0,5383.0,5562.0,5567.0,4997.0,3954.0,2740.0,1772.0,1126.0,851.0,1024.0,1359.0,2185.0,3068.0,3933.0,4371.0,4631.0,5142.0
2/8/2021,9241,3.0,22,872,4046,556,8784,31373,553,8778,31353,489,6404,27653,1124,19793,158841,1093,19332,153762,895,11481,110135,35.0,508.0,25.0,230.0,553,8778,31353,553,8778,31353,489,6404,27653,1093,19332,153762,1093,19332,153762,895,11481,110135,14,609,3136,16,904,7616,33,268,13996,7.0,40,3022,33,268,13996,32,252,13636,1.0,16,360,5.0,64,6760,28,204,7236,7.0,40,3022,7.0,34,2882,6,140,5.0,779,7.0,35,2243,2.0,360.0,92.0,27.0,17.0,16.0,22.0,9.0,2.0,4457.0,1812.0,822.0,436.0,236.0,388.0,137.0,41.0,14838.0,4243.0,2224.0,1636.0,1213.0,3306.0,2360.0,1446.0,364.0,92.0,26.0,12.0,16.0,22.0,8.0,4476.0,1805.0,821.0,432.0,243.0,378.0,125.0,37.0,14874.0,4211.0,2237.0,1622.0,1218.0,3308.0,2350.0,1383.0,3,9,0,28,0,378,21,441,1446,58,3,10,0,28,0,545,68,447,4352,285,5,8,1,2,134,717,28,25,828,6036,334,418,17.0,1385.0,455.0,28.0,30.0,4530.0,2547.0,126.0,34.0,41.0,25.0,8938.0,37.0,27.0,52.0,43.0,14.0,28.0,360.0,81.0,19.0,6796.0,24.0,19.0,31.0,92.0,11.0,14.0,12.0,59.0,130.0,10.0,25.0,66.0,87.0,47.0,8.0,20.0,18.0,9.0,87.0,14.0,88.0,9.0,14.0,24.0,8.0,80.0,36.0,15.0,460.0,1766.0,6942.0,2.0,5.0,4.0,86.0,8.0,220.0,71.0,1.0,342.0,58.0,9.0,1013.0,270.0,14.0,7.0,12.0,383.0,6.0,1710.0,10.0,7.0,14.0,296.0,6.0,4.0,9.0,23.0,7.0,67.0,32.0,1297.0,11.0,19.0,7.0,3.0,27.0,18.0,24.0,31.0,9.0,5.0,4.0,8.0,154.0,246.0,9.0,778.0,1010.0,20.0,4.0,10,0,3,3,542,67,29,107,1432,57,449,9,0,3,3,377,21,29,269,4083,257,482,4731.0,4703.0,4541.0,4404.0,4808.0,4954.0,5111.0,5360.0,5629.0,5559.0,5046.0,3983.0,2809.0,1795.0,1058.0,803.0,1012.0,1462.0,2171.0,3053.0,3900.0,4415.0,4658.0,5071.0
2/9/2021,9241,1.0,91,584,3954,2240,7717,30984,2240,7712,30964,1679,6329,27266,3347,16555,154893,3296,16155,149945,2338,11771,106147,55.0,438.0,34.0,200.0,2240,7712,30964,2240,7712,30964,1679,6329,27266,3296,16155,149945,3296,16155,149945,2338,11771,106147,64,439,3045,83,597,7256,59,280,11937,10.0,36,2680,59,280,11937,58,270,11601,1.0,10,336,11.0,70,5192,48,210,6745,10.0,36,2680,9.0,32,2549,4,131,5.0,579,8.0,31,2101,1.0,1761.0,309.0,61.0,35.0,16.0,33.0,14.0,2.0,4171.0,1443.0,673.0,308.0,187.0,333.0,112.0,33.0,14936.0,4141.0,2152.0,1564.0,1167.0,3237.0,2282.0,1404.0,1764.0,315.0,59.0,36.0,14.0,29.0,11.0,4186.0,1439.0,671.0,308.0,187.0,321.0,109.0,26.0,14974.0,4111.0,2160.0,1548.0,1167.0,3242.0,2272.0,1345.0,1,39,3,23,0,187,19,415,1424,59,1,51,3,23,0,254,62,423,4141,285,29,49,4,1,159,403,18,17,841,5691,338,386,17.0,1384.0,455.0,28.0,30.0,4529.0,2549.0,126.0,34.0,41.0,25.0,8938.0,37.0,27.0,52.0,43.0,14.0,28.0,360.0,81.0,19.0,6796.0,23.0,19.0,30.0,93.0,11.0,14.0,12.0,59.0,133.0,10.0,25.0,68.0,88.0,46.0,9.0,20.0,18.0,9.0,88.0,14.0,88.0,9.0,14.0,25.0,8.0,78.0,36.0,16.0,460.0,1765.0,6943.0,7.0,18.0,11.0,50.0,7.0,105.0,42.0,1.0,333.0,57.0,9.0,977.0,271.0,14.0,7.0,40.0,207.0,6.0,1667.0,10.0,33.0,4.0,162.0,4.0,3.0,9.0,23.0,7.0,62.0,31.0,1265.0,11.0,19.0,7.0,3.0,25.0,18.0,23.0,30.0,9.0,5.0,16.0,24.0,80.0,134.0,9.0,754.0,990.0,30.0,2.0,39,3,1,15,239,61,24,104,1408,58,422,34,3,1,6,183,19,24,243,3898,259,455,4808.0,4714.0,4442.0,4394.0,4826.0,4992.0,5208.0,5445.0,5582.0,5574.0,4986.0,3992.0,2711.0,1713.0,1085.0,813.0,1018.0,1579.0,2203.0,3097.0,3930.0,4328.0,4673.0,5181.0
2/10/2021,9243,3.0,19,473,3294,616,7235,28830,615,7231,28813,547,6065,25055,1179,15569,143846,1137,15191,139107,872,11304,96261,44.0,411.0,21.0,184.0,615,7231,28813,615,7231,28813,547,6065,25055,1137,15191,139107,1137,15191,139107,872,11304,96261,12,372,2501,15,494,6025,28,264,7455,2.0,31,1460,28,264,7455,27,256,7215,1.0,8,240,9.0,66,3188,19,198,4267,2.0,31,1460,2.0,30,1379,1,81,4.0,313,2.0,27,1147,1.0,493.0,58.0,23.0,21.0,10.0,18.0,7.0,3.0,3900.0,1364.0,638.0,294.0,168.0,312.0,99.0,34.0,13664.0,3780.0,1999.0,1532.0,1074.0,3058.0,2132.0,1294.0,497.0,56.0,21.0,23.0,8.0,18.0,6.0,3916.0,1358.0,639.0,296.0,158.0,308.0,97.0,26.0,13705.0,3748.0,2006.0,1524.0,1073.0,3059.0,2124.0,1231.0,3,5,2,20,0,134,20,373,1184,59,3,5,2,20,0,174,63,371,3596,283,3,11,0,1,161,304,13,16,818,4589,335,283,17.0,1384.0,456.0,28.0,30.0,4526.0,2553.0,126.0,34.0,41.0,25.0,8940.0,37.0,27.0,52.0,43.0,14.0,29.0,359.0,81.0,19.0,6797.0,22.0,19.0,30.0,94.0,10.0,13.0,12.0,59.0,134.0,9.0,24.0,67.0,88.0,46.0,9.0,20.0,18.0,9.0,89.0,14.0,87.0,9.0,14.0,24.0,10.0,78.0,36.0,16.0,461.0,1767.0,6943.0,1.0,3.0,3.0,34.0,3.0,79.0,36.0,1.0,286.0,43.0,6.0,852.0,239.0,7.0,4.0,9.0,157.0,5.0,1437.0,8.0,7.0,3.0,124.0,1.0,3.0,7.0,17.0,3.0,53.0,26.0,1097.0,10.0,17.0,6.0,3.0,20.0,16.0,22.0,23.0,7.0,4.0,4.0,5.0,60.0,101.0,6.0,643.0,866.0,15.0,5.0,5,2,3,15,159,62,21,85,1166,58,379,5,2,3,6,129,20,21,201,3395,259,401,4744.0,4664.0,4490.0,4421.0,4821.0,4924.0,5087.0,5409.0,5622.0,5602.0,5100.0,4012.0,2887.0,1785.0,1110.0,803.0,1044.0,1470.0,2249.0,3170.0,3903.0,4389.0,4706.0,5082.0
2/11/2021,9242,3.0,11,455,3090,443,7184,28438,439,7180,28421,407,6058,24372,769,14951,138610,743,14589,134097,655,10983,92401,27.0,395.0,16.0,180.0,439,7180,28421,439,7180,28421,407,6058,24372,743,14589,134097,743,14589,134097,655,10983,92401,8,357,2328,10,476,5640,46,269,5883,6.0,33,1129,46,269,5883,43,260,5676,3.0,9,207,5.0,59,2433,41,210,3450,6.0,33,1129,6.0,32,1064,1,65,4.0,239,4.0,29,890,1.0,320.0,59.0,13.0,14.0,5.0,24.0,3.0,3.0,3872.0,1364.0,628.0,285.0,153.0,287.0,99.0,26.0,13215.0,3672.0,1947.0,1443.0,1107.0,2978.0,2069.0,1247.0,321.0,56.0,12.0,14.0,7.0,21.0,3.0,3888.0,1360.0,628.0,287.0,144.0,282.0,93.0,22.0,13254.0,3640.0,1953.0,1439.0,1101.0,2981.0,2059.0,1188.0,0,3,0,17,0,128,20,350,1131,58,0,3,0,17,0,167,63,349,3422,279,1,3,1,5,160,287,13,16,800,4253,336,251,17.0,1383.0,457.0,28.0,30.0,4522.0,2556.0,126.0,34.0,41.0,25.0,8939.0,37.0,27.0,52.0,43.0,14.0,29.0,360.0,80.0,19.0,6799.0,21.0,19.0,31.0,94.0,11.0,13.0,13.0,59.0,130.0,9.0,24.0,68.0,89.0,45.0,10.0,20.0,20.0,10.0,89.0,14.0,86.0,9.0,13.0,25.0,10.0,78.0,34.0,15.0,461.0,1767.0,6942.0,1.0,3.0,3.0,28.0,2.0,79.0,35.0,1.0,270.0,38.0,5.0,808.0,227.0,5.0,4.0,3.0,148.0,5.0,1357.0,7.0,2.0,2.0,116.0,2.0,3.0,7.0,16.0,3.0,47.0,23.0,1038.0,10.0,17.0,6.0,3.0,15.0,14.0,21.0,23.0,6.0,4.0,4.0,3.0,57.0,95.0,6.0,604.0,821.0,11.0,3.0,3,0,0,15,152,62,18,84,1115,57,355,3,0,0,6,123,20,18,194,3228,258,375,4721.0,4748.0,4420.0,4434.0,4805.0,4932.0,4960.0,5322.0,5447.0,5553.0,5062.0,4070.0,2964.0,1842.0,1143.0,868.0,1052.0,1286.0,1954.0,2940.0,3792.0,4399.0,4805.0,4617.0
2/12/2021,9249,7.0,17,449,2921,448,7161,27792,446,7156,27776,414,6041,23875,1152,14771,132781,1114,14443,128523,757,10920,87951,40.0,344.0,26.0,184.0,446,7156,27776,446,7156,27776,414,6041,23875,1114,14443,128523,1114,14443,128523,757,10920,87951,10,353,2167,11,458,5200,25,257,4938,3.0,31,932,25,257,4938,22,247,4755,3.0,10,183,7.0,58,2013,18,199,2925,3.0,31,932,3.0,30,878,1,54,5.0,192,2.0,26,740,1.0,295.0,50.0,22.0,15.0,13.0,26.0,11.0,6.0,3901.0,1391.0,620.0,273.0,159.0,268.0,98.0,24.0,12974.0,3590.0,1876.0,1423.0,1109.0,2952.0,1978.0,1165.0,300.0,48.0,20.0,17.0,11.0,27.0,8.0,3919.0,1386.0,620.0,277.0,146.0,266.0,90.0,20.0,13015.0,3557.0,1877.0,1420.0,1102.0,2963.0,1960.0,1109.0,7,2,0,19,0,126,20,338,1081,57,7,2,0,19,0,163,47,333,3248,277,2,6,1,2,153,277,14,14,789,3874,334,203,17.0,1385.0,457.0,28.0,30.0,4523.0,2560.0,126.0,34.0,41.0,25.0,8946.0,37.0,27.0,53.0,44.0,14.0,28.0,359.0,80.0,19.0,6809.0,22.0,19.0,30.0,94.0,11.0,13.0,13.0,59.0,128.0,9.0,24.0,68.0,89.0,45.0,10.0,20.0,20.0,10.0,90.0,13.0,85.0,9.0,13.0,25.0,11.0,78.0,34.0,15.0,461.0,1768.0,6948.0,1.0,4.0,3.0,27.0,3.0,78.0,37.0,1.0,261.0,35.0,5.0,773.0,217.0,5.0,4.0,9.0,148.0,4.0,1302.0,7.0,8.0,2.0,118.0,2.0,2.0,7.0,15.0,3.0,45.0,22.0,1001.0,10.0,15.0,6.0,3.0,13.0,14.0,20.0,21.0,5.0,4.0,2.0,7.0,57.0,96.0,6.0,581.0,781.0,23.0,3.0,2,0,7,15,148,46,20,80,1066,57,342,2,0,7,6,121,19,20,188,3060,258,356,5047.0,4840.0,4346.0,4295.0,4764.0,4856.0,4988.0,5271.0,5509.0,5503.0,5049.0,4085.0,2960.0,1907.0,1177.0,829.0,1031.0,1360.0,2021.0,3088.0,4041.0,4573.0,4917.0,5127.0
2/13/2021,9250,1.0,6,189,2641,254,4806,26343,253,4775,26328,236,4127,22563,623,9686,124178,609,9448,120205,505,7280,81276,14.0,251.0,12.0,148.0,253,4775,26328,253,4775,26328,236,4127,22563,609,9448,120205,609,9448,120205,505,7280,81276,4,134,1959,4,169,4598,20,242,3538,3.0,31,634,20,242,3538,20,233,3387,3.0,9,151,1.0,50,1439,19,192,2099,3.0,31,634,3.0,30,591,1,43,5.0,123,3.0,26,511,1.0,162.0,39.0,7.0,11.0,6.0,20.0,9.0,6.0,3056.0,761.0,261.0,137.0,107.0,188.0,75.0,20.0,12224.0,3469.0,1864.0,1391.0,1048.0,2854.0,1867.0,1040.0,165.0,35.0,8.0,10.0,6.0,20.0,9.0,3073.0,753.0,267.0,133.0,98.0,185.0,69.0,17.0,12264.0,3435.0,1867.0,1387.0,1036.0,2865.0,1853.0,985.0,1,1,0,18,0,60,6,303,1000,57,1,1,0,18,0,78,6,299,2949,271,0,3,0,1,50,96,9,14,766,3341,318,173,17.0,1385.0,458.0,28.0,30.0,4517.0,2566.0,126.0,34.0,41.0,25.0,8947.0,37.0,27.0,53.0,44.0,14.0,28.0,360.0,80.0,20.0,6816.0,24.0,17.0,30.0,95.0,12.0,12.0,12.0,59.0,127.0,9.0,24.0,68.0,87.0,45.0,10.0,21.0,19.0,10.0,87.0,13.0,86.0,9.0,13.0,25.0,11.0,78.0,34.0,15.0,461.0,1767.0,6950.0,1.0,1.0,3.0,14.0,3.0,37.0,23.0,1.0,243.0,27.0,4.0,714.0,195.0,4.0,2.0,2.0,80.0,4.0,1189.0,7.0,1.0,1.0,60.0,2.0,1.0,6.0,14.0,3.0,41.0,18.0,920.0,9.0,14.0,6.0,3.0,11.0,14.0,18.0,16.0,5.0,4.0,2.0,7.0,31.0,50.0,5.0,534.0,713.0,9.0,3.0,1,0,1,12,66,6,18,70,982,57,307,1,0,1,5,55,6,18,161,2788,254,320,4803.0,4866.0,4472.0,4528.0,4831.0,5057.0,5273.0,5517.0,5767.0,5737.0,5337.0,4311.0,3017.0,1958.0,1150.0,828.0,1095.0,1616.0,2723.0,3816.0,4697.0,5065.0,5244.0,5555.0
2/14/2021,9253,4.0,83,228,2411,1372,4859,25312,1372,4837,25275,791,4082,21555,2233,10427,117253,2152,10144,113487,1097,7119,74584,89.0,304.0,45.0,167.0,1372,4837,25275,1372,4837,25275,791,4082,21555,2152,10144,113487,2152,10144,113487,1097,7119,74584,50,156,1756,69,208,4133,32,243,2990,1.0,32,528,32,243,2990,24,226,2847,8.0,17,143,9.0,58,1157,23,185,1833,1.0,32,528,3.0,30,488,2,40,5.0,106,1.0,27,422,1.0,1038.0,222.0,21.0,21.0,8.0,31.0,13.0,6.0,3074.0,795.0,286.0,179.0,121.0,205.0,80.0,27.0,11838.0,3345.0,1797.0,1378.0,993.0,2775.0,1677.0,974.0,1042.0,223.0,21.0,20.0,8.0,27.0,11.0,3090.0,787.0,289.0,181.0,117.0,198.0,73.0,23.0,11883.0,3307.0,1799.0,1379.0,984.0,2777.0,1665.0,923.0,4,31,8,19,2,80,12,279,929,59,4,32,19,19,2,104,24,275,2658,284,34,23,0,12,74,103,7,24,784,2865,306,178,17.0,1386.0,457.0,28.0,31.0,4517.0,2568.0,126.0,34.0,41.0,25.0,8950.0,37.0,27.0,51.0,43.0,13.0,28.0,363.0,81.0,19.0,6816.0,25.0,17.0,30.0,96.0,13.0,12.0,12.0,59.0,123.0,8.0,24.0,68.0,86.0,43.0,10.0,20.0,19.0,9.0,86.0,13.0,86.0,9.0,13.0,25.0,11.0,78.0,34.0,16.0,460.0,1768.0,6952.0,6.0,24.0,5.0,17.0,3.0,53.0,23.0,1.0,227.0,25.0,5.0,665.0,181.0,5.0,2.0,38.0,101.0,4.0,1110.0,7.0,33.0,2.0,82.0,1.0,1.0,5.0,14.0,2.0,35.0,15.0,867.0,8.0,11.0,6.0,3.0,10.0,13.0,18.0,16.0,5.0,4.0,15.0,22.0,39.0,63.0,4.0,495.0,668.0,31.0,12.0,32,19,6,12,92,24,21,62,910,59,285,31,8,6,5,75,12,21,133,2525,268,296,5120.0,5142.0,4744.0,4702.0,4970.0,5060.0,5176.0,5505.0,5786.0,5790.0,5234.0,4140.0,2927.0,1802.0,1068.0,834.0,1046.0,1507.0,2592.0,3665.0,4612.0,5054.0,5221.0,5631.0
2/15/2021,9257,5.0,54,255,2301,1372,5750,25052,1370,5749,25016,1247,4980,21151,1957,11260,112670,1901,10952,109173,1575,7799,71417,59.0,328.0,36.0,175.0,1370,5749,25016,1370,5749,25016,1247,4980,21151,1901,10952,109173,1901,10952,109173,1575,7799,71417,31,170,1677,35,227,3931,34,244,2562,3.0,28,436,34,244,2562,33,227,2433,1.0,17,129,4.0,60,961,30,184,1601,3.0,28,436,3.0,26,401,2,35,6.0,92,3.0,22,344,1.0,1154.0,102.0,30.0,21.0,5.0,30.0,9.0,1.0,3716.0,849.0,300.0,191.0,113.0,203.0,86.0,25.0,12053.0,3340.0,1799.0,1332.0,994.0,2699.0,1606.0,906.0,1156.0,99.0,28.0,18.0,12.0,25.0,7.0,3734.0,839.0,300.0,194.0,112.0,196.0,79.0,20.0,12099.0,3302.0,1804.0,1322.0,997.0,2697.0,1589.0,862.0,5,24,2,21,2,93,14,235,898,59,5,24,2,21,2,118,26,235,2502,282,6,28,0,1,75,123,6,23,769,2691,301,170,17.0,1386.0,458.0,28.0,31.0,4516.0,2572.0,126.0,34.0,41.0,25.0,8953.0,37.0,27.0,51.0,44.0,12.0,28.0,360.0,81.0,19.0,6822.0,24.0,18.0,29.0,93.0,13.0,12.0,11.0,59.0,125.0,8.0,24.0,66.0,88.0,43.0,10.0,20.0,20.0,9.0,86.0,13.0,89.0,9.0,13.0,24.0,11.0,78.0,34.0,17.0,460.0,1768.0,6956.0,3.0,14.0,7.0,18.0,5.0,60.0,25.0,1.0,214.0,26.0,5.0,620.0,178.0,5.0,1.0,29.0,115.0,3.0,1052.0,7.0,19.0,7.0,90.0,1.0,1.0,5.0,11.0,2.0,39.0,14.0,820.0,6.0,11.0,5.0,3.0,10.0,13.0,14.0,15.0,5.0,3.0,7.0,22.0,42.0,73.0,4.0,462.0,639.0,31.0,5.0,24,2,5,12,106,26,23,62,879,59,240,24,2,5,5,88,14,23,131,2371,267,255,5187.0,5145.0,4798.0,4813.0,5044.0,5163.0,5266.0,5485.0,5733.0,5757.0,5198.0,4167.0,2977.0,1882.0,1139.0,842.0,999.0,1388.0,2277.0,3290.0,4118.0,4669.0,5008.0,5462.0
2/16/2021,9260,3.0,74,237,2231,1474,5336,25031,1472,5327,25008,1370,4674,21124,2228,10141,109805,2189,9845,106675,1781,7242,70315,43.0,316.0,28.0,170.0,1472,5327,25008,1472,5327,25008,1370,4674,21124,2189,9845,106675,2189,9845,106675,1781,7242,70315,31,139,1650,39,183,3841,23,208,2213,3.0,21,376,23,208,2213,22,191,2095,1.0,17,118,3.0,46,811,20,162,1402,3.0,21,376,3.0,20,346,1,30,3.0,74,3.0,18,302,1.0,1209.0,103.0,89.0,22.0,15.0,26.0,7.0,2.0,3707.0,630.0,218.0,159.0,99.0,197.0,76.0,25.0,11979.0,3359.0,1782.0,1333.0,998.0,2616.0,1589.0,865.0,1213.0,99.0,90.0,23.0,15.0,21.0,7.0,3727.0,621.0,209.0,163.0,100.0,195.0,63.0,23.0,12023.0,3331.0,1778.0,1327.0,999.0,2611.0,1579.0,826.0,3,47,2,23,2,98,13,194,881,58,3,67,4,23,2,134,27,194,2476,283,5,14,19,1,51,88,21,23,763,2600,319,159,17.0,1385.0,459.0,28.0,31.0,4519.0,2574.0,126.0,33.0,40.0,25.0,8956.0,37.0,27.0,50.0,44.0,11.0,28.0,365.0,83.0,19.0,6819.0,24.0,18.0,29.0,93.0,12.0,12.0,11.0,59.0,126.0,8.0,25.0,65.0,88.0,43.0,10.0,20.0,19.0,10.0,85.0,12.0,90.0,9.0,12.0,24.0,9.0,79.0,34.0,17.0,459.0,1771.0,6958.0,7.0,34.0,7.0,17.0,5.0,71.0,23.0,1.0,194.0,22.0,5.0,587.0,175.0,5.0,2.0,48.0,120.0,3.0,992.0,7.0,37.0,8.0,92.0,3.0,1.0,5.0,9.0,2.0,37.0,14.0,781.0,6.0,10.0,5.0,3.0,10.0,13.0,11.0,14.0,5.0,2.0,23.0,27.0,49.0,73.0,4.0,433.0,610.0,23.0,5.0,67,1,6,0,134,24,28,62,861,58,199,47,1,4,0,98,13,26,131,2345,266,216,5049.0,5008.0,4714.0,4691.0,4975.0,5183.0,5237.0,5559.0,5855.0,5755.0,5205.0,4225.0,3093.0,2154.0,1383.0,879.0,1063.0,1529.0,2694.0,3706.0,4640.0,4995.0,5213.0,5517.0
2/17/2021,9260,2.0,16,232,2147,615,5260,24566,612,5252,24544,557,4635,20581,1199,10161,105748,1153,9861,102887,961,7331,67447,53.0,325.0,23.0,170.0,612,5252,24544,612,5252,24544,557,4635,20581,1153,9861,102887,1153,9861,102887,961,7331,67447,10,136,1593,20,188,3659,31,211,1927,3.0,22,315,31,211,1927,28,192,1825,3.0,19,102,4.0,44,674,27,167,1253,3.0,22,315,2.0,20,288,2,27,4.0,56,3.0,18,259,1.0,470.0,56.0,25.0,11.0,24.0,18.0,5.0,5.0,3733.0,643.0,239.0,137.0,96.0,193.0,79.0,24.0,11900.0,3269.0,1771.0,1361.0,968.0,2536.0,1549.0,799.0,472.0,57.0,23.0,13.0,22.0,15.0,6.0,3747.0,636.0,234.0,137.0,100.0,189.0,64.0,24.0,11937.0,3247.0,1766.0,1358.0,962.0,2532.0,1545.0,760.0,2,4,0,22,2,97,11,177,843,56,2,4,0,22,2,133,25,177,2352,280,7,4,6,3,55,81,27,25,746,2452,320,141,17.0,1384.0,460.0,28.0,30.0,4518.0,2576.0,126.0,33.0,40.0,25.0,8957.0,37.0,26.0,50.0,43.0,11.0,27.0,364.0,84.0,20.0,6823.0,23.0,18.0,29.0,93.0,12.0,12.0,11.0,59.0,126.0,8.0,24.0,65.0,88.0,43.0,10.0,20.0,18.0,9.0,87.0,12.0,90.0,9.0,11.0,26.0,9.0,79.0,34.0,17.0,459.0,1771.0,6958.0,3.0,1.0,2.0,18.0,4.0,69.0,22.0,1.0,182.0,21.0,5.0,555.0,176.0,5.0,2.0,5.0,116.0,3.0,944.0,7.0,3.0,8.0,89.0,3.0,1.0,5.0,9.0,2.0,35.0,14.0,745.0,5.0,10.0,5.0,3.0,9.0,12.0,12.0,14.0,5.0,2.0,3.0,3.0,48.0,71.0,3.0,414.0,583.0,19.0,6.0,4,0,2,0,133,22,27,52,826,56,181,4,0,2,0,97,11,25,114,2238,264,196,5155.0,5133.0,4840.0,4757.0,5031.0,5155.0,5225.0,5450.0,5629.0,5675.0,5184.0,4133.0,2923.0,1873.0,1121.0,817.0,1066.0,1581.0,2615.0,3674.0,4568.0,4940.0,5161.0,5447.0
2/18/2021,9264,8.0,261,438,2282,18556,22171,38724,18556,22161,38724,2424,5957,20591,19330,28722,122897,19271,28389,120103,2936,9612,68718,69.0,367.0,43.0,197.0,18556,22161,38724,18556,22161,38724,2424,5957,20591,19271,28389,120103,19271,28389,120103,2936,9612,68718,188,296,1688,250,428,3871,24,189,1798,4.0,20,290,24,189,1798,21,170,1695,3.0,19,103,5.0,43,632,19,146,1166,4.0,20,290,2.0,16,263,4,27,3.0,52,3.0,17,238,1.0,17617.0,353.0,102.0,22.0,11.0,44.0,16.0,1.0,19750.0,1058.0,403.0,201.0,134.0,241.0,105.0,26.0,26511.0,3725.0,1791.0,1369.0,976.0,2565.0,1564.0,830.0,17622.0,356.0,103.0,16.0,14.0,38.0,15.0,19767.0,1056.0,399.0,200.0,132.0,241.0,87.0,25.0,26550.0,3703.0,1787.0,1362.0,972.0,2565.0,1557.0,790.0,8,91,1,30,3,159,11,175,881,56,8,116,2,30,4,246,27,175,2446,281,43,194,8,5,97,272,34,25,785,2614,328,144,17.0,1386.0,463.0,28.0,30.0,4519.0,2576.0,126.0,33.0,39.0,25.0,8961.0,37.0,26.0,50.0,42.0,11.0,27.0,360.0,84.0,20.0,6832.0,23.0,18.0,29.0,93.0,12.0,12.0,11.0,59.0,126.0,8.0,25.0,65.0,86.0,44.0,10.0,19.0,18.0,9.0,86.0,12.0,91.0,9.0,11.0,26.0,9.0,79.0,34.0,17.0,460.0,1772.0,6960.0,13.0,54.0,19.0,24.0,11.0,105.0,37.0,2.0,184.0,27.0,5.0,570.0,187.0,6.0,2.0,98.0,184.0,3.0,980.0,7.0,76.0,12.0,143.0,4.0,1.0,5.0,9.0,2.0,37.0,16.0,773.0,5.0,10.0,5.0,2.0,9.0,12.0,12.0,13.0,5.0,2.0,38.0,61.0,76.0,115.0,3.0,430.0,606.0,39.0,5.0,114,1,11,2,244,23,38,54,864,56,179,90,1,10,2,158,11,33,116,2330,265,196,5104.0,5051.0,4804.0,4735.0,5067.0,5071.0,5167.0,5346.0,5642.0,5658.0,5216.0,4204.0,3104.0,1972.0,1249.0,927.0,1099.0,1354.0,1976.0,2915.0,3898.0,4513.0,4938.0,4995.0
2/19/2021,9269,6.0,180,547,2273,14080,33458,48838,14080,33458,48838,2484,6890,20438,15973,43543,130635,15853,43128,127863,3442,12297,64917,131.0,458.0,61.0,227.0,14080,33458,48838,14080,33458,48838,2484,6890,20438,15853,43128,127863,15853,43128,127863,3442,12297,64917,136,391,1700,178,595,3820,37,201,1682,12.0,29,264,37,201,1682,30,178,1575,7.0,23,107,18.0,53,582,19,148,1100,12.0,29,264,7.0,20,232,9,32,8.0,56,7.0,21,208,2.0,13380.0,399.0,140.0,58.0,22.0,69.0,14.0,10.0,31265.0,1562.0,578.0,283.0,151.0,342.0,132.0,31.0,37456.0,4028.0,1941.0,1287.0,896.0,2423.0,1522.0,784.0,13384.0,401.0,135.0,59.0,22.0,67.0,13.0,31277.0,1563.0,572.0,289.0,152.0,329.0,120.0,29.0,37494.0,4009.0,1935.0,1282.0,893.0,2427.0,1507.0,745.0,6,51,2,29,3,188,11,170,860,55,6,78,9,29,4,322,36,170,2326,273,37,128,8,5,132,394,41,28,791,2566,319,144,17.0,1387.0,464.0,28.0,30.0,4520.0,2577.0,127.0,33.0,39.0,25.0,8966.0,37.0,26.0,47.0,40.0,9.0,26.0,337.0,71.0,19.0,7204.0,20.0,17.0,24.0,81.0,8.0,9.0,10.0,50.0,105.0,8.0,21.0,61.0,82.0,42.0,7.0,17.0,15.0,7.0,80.0,10.0,79.0,9.0,9.0,22.0,8.0,78.0,33.0,14.0,460.0,1773.0,6964.0,7.0,35.0,12.0,28.0,10.0,121.0,44.0,4.0,179.0,25.0,5.0,558.0,190.0,8.0,2.0,54.0,209.0,3.0,960.0,7.0,42.0,13.0,161.0,4.0,1.0,5.0,9.0,2.0,36.0,16.0,759.0,3.0,10.0,5.0,2.0,7.0,10.0,12.0,15.0,6.0,2.0,20.0,37.0,88.0,131.0,3.0,417.0,600.0,49.0,15.0,75,6,9,5,317,29,40,54,843,55,174,50,1,7,5,186,11,32,114,2212,258,190,5132.0,4985.0,4497.0,4383.0,4910.0,5034.0,5184.0,5413.0,5712.0,5685.0,5267.0,4218.0,3062.0,1970.0,1180.0,900.0,1075.0,1319.0,2026.0,3054.0,4048.0,4664.0,5011.0,5252.0
2/20/2021,9271,1.0,55,587,2141,5362,37563,52498,5361,37520,52498,683,7186,19838,6423,49343,128306,6349,48868,125644,1122,12914,61475,84.0,528.0,44.0,247.0,5361,37520,52498,5361,37520,52498,683,7186,19838,6349,48868,125644,6349,48868,125644,1122,12914,61475,41,422,1591,52,643,3473,22,203,1602,2.0,28,253,22,203,1602,21,179,1497,1.0,24,105,2.0,54,531,20,149,1071,2.0,28,253,1.0,18,221,10,32,8.0,55,2.0,20,198,2.0,5144.0,129.0,33.0,13.0,10.0,40.0,12.0,5.0,35941.0,1687.0,597.0,304.0,163.0,363.0,133.0,38.0,41523.0,4073.0,1942.0,1184.0,853.0,2296.0,1407.0,701.0,5144.0,131.0,31.0,15.0,9.0,36.0,9.0,35950.0,1689.0,590.0,309.0,166.0,349.0,120.0,36.0,41562.0,4057.0,1934.0,1181.0,846.0,2298.0,1394.0,662.0,1,15,1,29,3,199,12,159,797,53,1,16,1,29,4,337,37,159,1960,256,12,34,5,1,144,425,46,28,801,2332,203,137,17.0,1387.0,464.0,28.0,30.0,4519.0,2579.0,128.0,33.0,39.0,26.0,8967.0,37.0,26.0,47.0,38.0,9.0,26.0,336.0,71.0,18.0,7211.0,20.0,16.0,23.0,82.0,8.0,9.0,10.0,48.0,101.0,8.0,24.0,60.0,82.0,42.0,8.0,16.0,15.0,7.0,80.0,10.0,80.0,9.0,9.0,22.0,7.0,77.0,32.0,14.0,460.0,1773.0,6966.0,3.0,8.0,12.0,30.0,11.0,125.0,44.0,5.0,167.0,24.0,5.0,514.0,173.0,9.0,4.0,17.0,220.0,3.0,894.0,5.0,14.0,13.0,171.0,5.0,1.0,4.0,9.0,2.0,34.0,17.0,707.0,2.0,10.0,3.0,2.0,7.0,10.0,12.0,15.0,3.0,2.0,4.0,13.0,89.0,141.0,2.0,379.0,562.0,32.0,10.0,15,1,1,6,331,30,40,47,781,53,163,14,1,1,6,196,12,32,89,1871,241,179,4984.0,4956.0,4655.0,4544.0,4922.0,4992.0,5169.0,5443.0,5607.0,5695.0,5207.0,4327.0,3180.0,2071.0,1260.0,874.0,1043.0,1306.0,2040.0,3090.0,4148.0,4705.0,5070.0,5453.0
2/21/2021,9278,7.0,107,615,2038,1679,37736,51614,1679,37692,51614,1202,7372,19032,2183,49293,121587,2134,48850,119191,1536,13353,57343,55.0,494.0,26.0,234.0,1679,37692,51614,1679,37692,51614,1202,7372,19032,2134,48850,119191,2134,48850,119191,1536,13353,57343,29,408,1505,34,608,3119,13,184,1456,2.0,27,233,13,184,1456,13,168,1363,1.0,16,93,1.0,43,466,12,141,990,2.0,27,233,1.0,18,204,9,29,7.0,48,2.0,20,185,2.0,1427.0,124.0,27.0,17.0,9.0,28.0,7.0,1.0,36010.0,1653.0,591.0,346.0,174.0,367.0,117.0,41.0,41380.0,3902.0,1879.0,1085.0,840.0,2135.0,1292.0,628.0,1432.0,125.0,25.0,19.0,9.0,24.0,5.0,36022.0,1656.0,579.0,352.0,185.0,345.0,112.0,34.0,41419.0,3884.0,1870.0,1083.0,841.0,2134.0,1280.0,591.0,7,85,8,32,2,243,12,143,773,52,7,102,8,32,2,407,26,143,1844,212,1,26,7,0,111,428,53,16,661,2157,175,126,17.0,1389.0,464.0,28.0,30.0,4523.0,2578.0,129.0,33.0,39.0,26.0,8974.0,37.0,26.0,47.0,38.0,9.0,25.0,333.0,73.0,19.0,7218.0,21.0,15.0,22.0,81.0,8.0,10.0,10.0,48.0,102.0,8.0,24.0,59.0,82.0,41.0,8.0,16.0,15.0,7.0,79.0,10.0,79.0,10.0,9.0,22.0,7.0,78.0,32.0,15.0,460.0,1777.0,6969.0,22.0,58.0,9.0,43.0,11.0,153.0,48.0,4.0,156.0,23.0,4.0,496.0,169.0,8.0,4.0,87.0,261.0,5.0,855.0,5.0,71.0,14.0,203.0,5.0,1.0,4.0,9.0,2.0,36.0,16.0,671.0,2.0,10.0,3.0,2.0,4.0,9.0,12.0,15.0,3.0,2.0,41.0,52.0,113.0,165.0,2.0,376.0,530.0,20.0,7.0,100,7,8,8,399,18,42,43,756,52,147,83,7,8,8,239,12,34,73,1771,196,164,5069.0,5041.0,4665.0,4553.0,4969.0,5178.0,5347.0,5509.0,5771.0,5766.0,5250.0,4181.0,2947.0,1868.0,1148.0,923.0,1102.0,1570.0,2551.0,3746.0,4641.0,5058.0,5310.0,5577.0
2/22/2021,9281,4.0,16,585,1953,542,37003,50965,535,36960,50965,485,6655,18180,1257,48593,113889,1191,48140,111686,891,12669,51922,79.0,514.0,31.0,226.0,535,36960,50965,535,36960,50965,485,6655,18180,1191,48140,111686,1191,48140,111686,891,12669,51922,9,387,1416,12,585,2740,22,172,1353,3.0,27,213,22,172,1353,19,154,1263,3.0,18,90,3.0,44,424,19,128,929,3.0,27,213,2.0,17,185,10,28,7.0,44,3.0,20,169,1.0,377.0,52.0,26.0,23.0,14.0,31.0,8.0,4.0,35418.0,1557.0,582.0,329.0,183.0,372.0,107.0,42.0,41397.0,3741.0,1690.0,1041.0,725.0,1938.0,1199.0,528.0,381.0,48.0,25.0,22.0,15.0,30.0,6.0,35430.0,1561.0,568.0,334.0,197.0,349.0,99.0,36.0,41433.0,3732.0,1680.0,1034.0,729.0,1931.0,1184.0,500.0,4,4,0,31,2,227,10,134,750,46,4,5,0,31,2,388,24,134,1733,175,1,6,1,4,106,406,54,19,540,1913,166,121,17.0,1388.0,465.0,28.0,30.0,4522.0,2581.0,130.0,33.0,39.0,26.0,8977.0,37.0,26.0,47.0,38.0,9.0,25.0,330.0,74.0,20.0,7221.0,21.0,15.0,22.0,81.0,9.0,10.0,10.0,48.0,103.0,8.0,23.0,58.0,83.0,42.0,8.0,16.0,15.0,7.0,78.0,10.0,78.0,10.0,9.0,21.0,7.0,77.0,32.0,15.0,461.0,1779.0,6969.0,1.0,5.0,1.0,40.0,9.0,147.0,43.0,5.0,148.0,23.0,4.0,481.0,165.0,9.0,4.0,8.0,244.0,5.0,827.0,5.0,5.0,10.0,193.0,5.0,1.0,4.0,9.0,2.0,36.0,16.0,646.0,3.0,9.0,2.0,2.0,4.0,9.0,12.0,13.0,3.0,2.0,4.0,3.0,110.0,151.0,3.0,366.0,512.0,19.0,11.0,5,0,4,8,380,16,41,37,736,46,138,4,0,4,8,223,10,33,59,1674,159,155,5236.0,5290.0,4942.0,4751.0,5111.0,5255.0,5363.0,5624.0,5840.0,5806.0,5259.0,4158.0,2909.0,1849.0,1109.0,825.0,1040.0,1624.0,2782.0,3834.0,4733.0,5163.0,5250.0,5754.0
2/23/2021,9288,7.0,17,561,1842,398,36928,49935,392,36886,49935,353,6279,17130,1232,47597,107421,1166,47117,105370,772,11660,47479,69.0,540.0,43.0,236.0,392,36886,49935,392,36886,49935,353,6279,17130,1166,47117,105370,1166,47117,105370,772,11660,47479,9,373,1297,13,559,2428,30,179,1151,5.0,29,170,30,179,1151,27,159,1069,3.0,20,82,4.0,43,354,26,136,797,5.0,29,170,5.0,19,148,10,22,7.0,37,5.0,22,133,2.0,234.0,54.0,20.0,7.0,21.0,37.0,11.0,8.0,35238.0,1476.0,571.0,252.0,155.0,340.0,105.0,42.0,41207.0,3552.0,1595.0,984.0,668.0,1818.0,1093.0,451.0,235.0,53.0,18.0,14.0,16.0,32.0,13.0,35247.0,1478.0,564.0,253.0,167.0,319.0,98.0,35.0,41241.0,3544.0,1580.0,987.0,664.0,1809.0,1074.0,431.0,7,2,0,35,2,208,9,131,733,43,7,2,0,35,2,323,20,131,1642,153,1,8,1,3,102,400,36,21,420,1736,164,108,17.0,1387.0,467.0,28.0,30.0,4526.0,2583.0,130.0,33.0,39.0,26.0,8984.0,37.0,26.0,49.0,36.0,9.0,24.0,331.0,76.0,19.0,7218.0,21.0,15.0,21.0,81.0,9.0,9.0,11.0,49.0,103.0,8.0,23.0,60.0,84.0,43.0,8.0,15.0,15.0,7.0,81.0,11.0,78.0,10.0,9.0,22.0,7.0,78.0,32.0,14.0,461.0,1782.0,6973.0,1.0,5.0,1.0,38.0,10.0,136.0,40.0,6.0,145.0,24.0,4.0,467.0,156.0,10.0,4.0,9.0,231.0,5.0,803.0,5.0,8.0,9.0,183.0,3.0,1.0,4.0,9.0,2.0,34.0,15.0,627.0,3.0,9.0,2.0,2.0,4.0,8.0,13.0,12.0,3.0,2.0,3.0,6.0,100.0,145.0,3.0,357.0,497.0,33.0,10.0,2,0,7,8,315,15,42,31,723,43,135,2,0,7,8,204,9,37,51,1591,137,152,5255.0,5209.0,4934.0,4853.0,5116.0,5179.0,5315.0,5573.0,5787.0,5811.0,5243.0,4176.0,2965.0,1902.0,1138.0,816.0,1125.0,1543.0,2660.0,3762.0,4704.0,5072.0,5254.0,5754.0
2/24/2021,9290,4.0,158,645,1806,1775,36946,49604,1775,36904,49604,577,6128,16403,2699,49097,104994,2647,48611,103047,921,11620,44501,57.0,544.0,33.0,243.0,1775,36904,49604,1775,36904,49604,577,6128,16403,2647,48611,103047,2647,48611,103047,921,11620,44501,92,441,1290,136,675,2422,20,168,1083,1.0,27,158,20,168,1083,20,151,1007,3.0,17,76,4.0,39,336,16,129,747,1.0,27,158,1.0,18,136,9,22,6.0,36,1.0,21,122,3.0,1445.0,162.0,70.0,27.0,13.0,34.0,13.0,5.0,35217.0,1510.0,661.0,307.0,165.0,401.0,119.0,54.0,40985.0,3443.0,1505.0,911.0,676.0,1726.0,1070.0,446.0,1448.0,165.0,67.0,28.0,14.0,33.0,10.0,35229.0,1510.0,651.0,311.0,172.0,391.0,110.0,45.0,41021.0,3428.0,1490.0,912.0,679.0,1712.0,1067.0,415.0,4,76,3,37,2,242,10,126,723,41,5,155,6,38,2,474,26,127,1677,151,8,70,58,0,103,466,88,18,412,1701,212,97,17.0,1387.0,468.0,28.0,30.0,4524.0,2586.0,130.0,33.0,39.0,26.0,8986.0,37.0,26.0,49.0,36.0,9.0,24.0,333.0,75.0,18.0,7218.0,21.0,16.0,21.0,82.0,9.0,9.0,11.0,50.0,102.0,8.0,23.0,60.0,84.0,43.0,8.0,15.0,15.0,7.0,81.0,10.0,77.0,11.0,9.0,22.0,7.0,79.0,32.0,14.0,462.0,1783.0,6973.0,21.0,50.0,5.0,47.0,10.0,160.0,40.0,7.0,149.0,23.0,4.0,452.0,148.0,10.0,4.0,79.0,266.0,5.0,784.0,3.0,69.0,11.0,213.0,3.0,2.0,4.0,9.0,2.0,33.0,14.0,613.0,3.0,9.0,1.0,2.0,5.0,7.0,13.0,12.0,4.0,2.0,28.0,52.0,113.0,169.0,3.0,351.0,484.0,27.0,8.0,149,3,8,14,460,18,48,26,714,41,130,76,3,5,9,238,10,39,49,1628,133,150,5210.0,5204.0,4851.0,4712.0,5116.0,5239.0,5393.0,5632.0,5824.0,5866.0,5383.0,4301.0,3106.0,1980.0,1250.0,862.0,1106.0,1596.0,2786.0,3883.0,4865.0,5166.0,5344.0,5723.0
2/25/2021,9292,2.0,24,466,1772,418,21420,49024,414,21406,49024,270,5124,15850,868,30635,100823,846,30186,99012,536,9220,41852,26.0,501.0,18.0,217.0,414,21406,49024,414,21406,49024,270,5124,15850,846,30186,99012,846,30186,99012,536,9220,41852,17,300,1267,25,450,2277,29,173,1029,6.0,29,148,29,173,1029,25,155,956,4.0,18,73,9.0,44,318,20,129,711,6.0,29,148,4.0,20,126,9,22,5.0,31,6.0,24,117,4.0,295.0,48.0,19.0,6.0,10.0,19.0,10.0,2.0,19464.0,1220.0,462.0,216.0,140.0,309.0,101.0,48.0,40805.0,3385.0,1453.0,914.0,649.0,1649.0,979.0,398.0,296.0,45.0,20.0,5.0,12.0,16.0,10.0,19470.0,1224.0,455.0,221.0,135.0,311.0,88.0,41.0,40841.0,3367.0,1444.0,911.0,655.0,1635.0,967.0,374.0,2,10,0,31,0,188,10,122,679,37,2,12,0,32,0,370,24,123,1518,139,1,11,8,5,61,283,88,18,405,1568,212,92,17.0,1387.0,468.0,28.0,31.0,4520.0,2590.0,131.0,33.0,39.0,26.0,8987.0,37.0,26.0,49.0,36.0,9.0,24.0,333.0,75.0,18.0,7219.0,21.0,16.0,21.0,82.0,9.0,9.0,11.0,50.0,102.0,8.0,23.0,60.0,84.0,43.0,8.0,15.0,15.0,7.0,81.0,10.0,77.0,11.0,9.0,22.0,7.0,79.0,32.0,14.0,462.0,1784.0,6975.0,3.0,8.0,1.0,44.0,3.0,131.0,25.0,7.0,138.0,23.0,4.0,426.0,141.0,9.0,4.0,11.0,209.0,4.0,740.0,2.0,9.0,7.0,170.0,1.0,2.0,4.0,9.0,1.0,32.0,12.0,575.0,3.0,8.0,1.0,2.0,5.0,7.0,12.0,10.0,4.0,2.0,4.0,8.0,88.0,134.0,2.0,327.0,460.0,16.0,1.0,12,0,2,12,358,17,39,18,671,37,126,10,0,2,7,185,10,32,33,1485,123,144,5258.0,5178.0,4863.0,4721.0,5009.0,5118.0,5218.0,5461.0,5709.0,5775.0,5263.0,4310.0,3169.0,2075.0,1270.0,895.0,1050.0,1288.0,2043.0,3075.0,4026.0,4720.0,5132.0,5147.0
2/26/2021,9293,2.0,7,334,1716,314,9017,48336,310,8994,48336,242,3340,15109,610,15272,94978,583,14916,93341,450,6228,38591,28.0,398.0,18.0,179.0,310,8994,48336,310,8994,48336,242,3340,15109,583,14916,93341,583,14916,93341,450,6228,38591,5,188,1207,5,277,2109,8,144,951,6.0,17,134,8,144,951,8,133,885,4.0,11,66,9.0,26,291,8,118,660,6.0,17,134,4.0,13,112,4,22,5.0,28,6.0,17,106,3.0,223.0,39.0,10.0,9.0,5.0,15.0,6.0,1.0,7241.0,904.0,298.0,143.0,95.0,212.0,86.0,34.0,40533.0,3375.0,1476.0,839.0,604.0,1559.0,866.0,315.0,223.0,37.0,13.0,8.0,4.0,14.0,6.0,7245.0,910.0,290.0,146.0,93.0,209.0,81.0,25.0,40567.0,3356.0,1473.0,831.0,605.0,1549.0,861.0,285.0,2,0,0,27,0,159,10,118,665,35,2,0,0,28,0,292,15,119,1369,128,0,4,1,0,24,159,81,13,382,1444,198,85,17.0,1385.0,470.0,28.0,30.0,4521.0,2591.0,131.0,33.0,39.0,26.0,8986.0,37.0,26.0,51.0,42.0,11.0,24.0,358.0,81.0,19.0,6867.0,23.0,17.0,26.0,95.0,12.0,14.0,11.0,58.0,122.0,9.0,23.0,66.0,88.0,47.0,10.0,18.0,17.0,10.0,88.0,10.0,89.0,9.0,11.0,25.0,8.0,82.0,34.0,18.0,462.0,1784.0,6976.0,3.0,2.0,1.0,40.0,3.0,114.0,15.0,6.0,135.0,23.0,3.0,415.0,139.0,9.0,3.0,2.0,179.0,4.0,722.0,2.0,9.0,6.0,147.0,1.0,2.0,3.0,7.0,1.0,30.0,12.0,562.0,2.0,8.0,1.0,2.0,5.0,7.0,12.0,10.0,4.0,3.0,4.0,2.0,75.0,114.0,2.0,312.0,453.0,13.0,4.0,0,0,2,9,283,11,32,15,657,35,122,0,0,2,4,157,10,28,29,1340,114,138,5312.0,5046.0,4590.0,4518.0,4924.0,5087.0,5202.0,5450.0,5712.0,5754.0,5280.0,4314.0,3147.0,2030.0,1258.0,952.0,1118.0,1345.0,2113.0,3241.0,4233.0,4760.0,5119.0,5407.0
2/27/2021,9294,2.0,76,329,1695,1078,4251,46440,1074,4235,46417,359,3014,14813,1911,10760,92099,1814,10381,90473,596,5702,37442,109.0,423.0,47.0,179.0,1074,4235,46417,1074,4235,46417,359,3014,14813,1814,10381,90473,1814,10381,90473,596,5702,37442,54,193,1189,71,296,2126,23,145,917,1.0,16,129,23,145,917,18,130,849,5.0,15,68,4.0,29,275,19,116,642,1.0,16,129,1.0,13,108,3,21,5.0,29,1.0,16,100,3.0,772.0,205.0,47.0,15.0,13.0,25.0,16.0,3.0,2477.0,764.0,365.0,199.0,137.0,216.0,93.0,33.0,39259.0,2868.0,1441.0,821.0,579.0,1516.0,849.0,331.0,772.0,207.0,53.0,13.0,13.0,20.0,14.0,2482.0,768.0,366.0,197.0,141.0,205.0,88.0,27.0,39294.0,2848.0,1436.0,817.0,573.0,1504.0,848.0,304.0,2,22,9,28,0,155,13,108,660,35,2,24,26,29,0,300,40,109,1379,154,41,17,3,10,53,142,79,22,411,1425,199,91,17.0,1385.0,470.0,28.0,29.0,4522.0,2592.0,131.0,33.0,39.0,26.0,8988.0,37.0,26.0,51.0,41.0,11.0,25.0,355.0,82.0,19.0,6877.0,24.0,15.0,27.0,95.0,12.0,15.0,13.0,56.0,118.0,9.0,23.0,68.0,89.0,45.0,10.0,19.0,17.0,11.0,87.0,10.0,86.0,9.0,12.0,24.0,8.0,82.0,35.0,17.0,462.0,1784.0,6977.0,4.0,22.0,3.0,39.0,2.0,115.0,17.0,4.0,133.0,22.0,3.0,407.0,138.0,9.0,3.0,29.0,175.0,4.0,710.0,2.0,26.0,6.0,145.0,1.0,2.0,3.0,7.0,1.0,29.0,11.0,556.0,2.0,8.0,1.0,1.0,5.0,7.0,12.0,10.0,4.0,3.0,14.0,15.0,79.0,107.0,2.0,306.0,448.0,33.0,13.0,24,25,3,8,292,35,34,15,651,35,112,22,9,3,3,154,13,29,29,1350,139,129,5081.0,4880.0,4669.0,4553.0,4971.0,5163.0,5292.0,5705.0,5920.0,5870.0,5277.0,4258.0,2988.0,1891.0,1142.0,891.0,1131.0,1604.0,2740.0,3907.0,4692.0,5043.0,5231.0,5647.0
2/28/2021,9297,3.0,90,331,1716,6439,8729,50077,6439,8719,50051,2659,4127,15030,7105,15682,97875,7063,15310,96271,2901,7067,39380,45.0,413.0,23.0,182.0,6439,8719,50051,6439,8719,50051,2659,4127,15030,7063,15310,96271,7063,15310,96271,2901,7067,39380,64,228,1214,71,333,2177,27,159,888,4.0,20,122,27,159,888,25,142,821,2.0,17,67,5.0,33,260,22,126,628,4.0,20,122,3.0,16,100,4,22,5.0,23,4.0,20,99,4.0,6184.0,226.0,33.0,12.0,5.0,21.0,7.0,2.0,6918.0,938.0,392.0,203.0,126.0,224.0,104.0,31.0,41072.0,3820.0,1439.0,904.0,649.0,1558.0,910.0,339.0,6184.0,228.0,34.0,13.0,4.0,19.0,4.0,6923.0,940.0,396.0,197.0,132.0,215.0,97.0,24.0,41106.0,3803.0,1436.0,897.0,651.0,1540.0,912.0,308.0,3,32,2,24,0,125,10,104,675,35,3,43,2,25,0,241,34,105,1414,156,19,41,8,3,71,157,80,25,426,1456,204,91,17.0,1385.0,471.0,28.0,29.0,4523.0,2593.0,131.0,33.0,38.0,26.0,8990.0,37.0,26.0,51.0,42.0,12.0,26.0,356.0,84.0,19.0,6870.0,24.0,15.0,27.0,96.0,12.0,13.0,13.0,56.0,119.0,9.0,26.0,68.0,90.0,46.0,9.0,19.0,17.0,11.0,87.0,11.0,86.0,9.0,12.0,24.0,8.0,82.0,34.0,18.0,462.0,1786.0,6977.0,5.0,21.0,8.0,29.0,2.0,93.0,17.0,3.0,136.0,22.0,3.0,410.0,143.0,9.0,3.0,35.0,147.0,4.0,722.0,2.0,28.0,4.0,123.0,1.0,2.0,3.0,6.0,1.0,30.0,11.0,566.0,2.0,9.0,1.0,1.0,5.0,7.0,12.0,10.0,3.0,3.0,15.0,20.0,61.0,88.0,2.0,313.0,453.0,21.0,2.0,43,1,4,6,235,29,30,15,667,35,108,32,1,4,1,125,10,25,29,1385,140,126,5249.0,5191.0,4924.0,4724.0,5037.0,5211.0,5332.0,5569.0,5831.0,5801.0,5341.0,4227.0,3024.0,1853.0,1059.0,854.0,1046.0,1618.0,2720.0,3788.0,4742.0,5132.0,5388.0,5699.0
3/1/2021,9300,4.0,138,448,1794,17894,26315,62666,17894,26287,62666,1408,5186,15903,18626,33051,112697,18571,32690,111114,1801,7977,39926,45.0,413.0,23.0,182.0,17894,26287,62666,17894,26287,62666,1408,5186,15903,18571,32690,111114,18571,32690,111114,1801,7977,39926,75,291,1243,92,413,2129,17,154,838,1.0,18,113,17,154,838,17,140,773,2.0,14,65,1.0,30,242,16,124,596,1.0,18,113,1.0,15,92,3,21,5.0,22,1.0,18,91,5.0,6184.0,226.0,33.0,12.0,5.0,21.0,7.0,2.0,6918.0,938.0,392.0,203.0,126.0,224.0,104.0,31.0,41072.0,3820.0,1439.0,904.0,649.0,1558.0,910.0,339.0,6184.0,228.0,34.0,13.0,4.0,19.0,4.0,6923.0,940.0,396.0,197.0,132.0,215.0,97.0,24.0,41106.0,3803.0,1436.0,897.0,651.0,1540.0,912.0,308.0,5,73,0,25,0,190,10,105,723,35,5,79,0,26,0,315,34,106,1366,152,28,62,1,1,98,213,80,22,413,1459,168,89,17.0,1385.0,473.0,28.0,29.0,4523.0,2597.0,131.0,33.0,38.0,26.0,8995.0,37.0,26.0,50.0,41.0,12.0,26.0,356.0,82.0,20.0,6868.0,23.0,18.0,27.0,97.0,12.0,12.0,13.0,56.0,121.0,9.0,24.0,69.0,90.0,46.0,9.0,19.0,18.0,11.0,86.0,11.0,85.0,9.0,12.0,23.0,8.0,85.0,35.0,17.0,462.0,1788.0,6981.0,5.0,21.0,8.0,29.0,2.0,93.0,17.0,3.0,136.0,22.0,3.0,410.0,143.0,9.0,3.0,35.0,147.0,4.0,722.0,2.0,28.0,4.0,123.0,1.0,2.0,3.0,6.0,1.0,30.0,11.0,566.0,2.0,9.0,1.0,1.0,5.0,7.0,12.0,10.0,3.0,3.0,15.0,20.0,61.0,88.0,2.0,313.0,453.0,21.0,2.0,75,0,5,10,305,29,31,19,714,35,108,73,0,5,5,190,10,26,33,1333,138,124,5295.0,5227.0,4916.0,4684.0,5030.0,5216.0,5331.0,5571.0,5780.0,5833.0,5237.0,4176.0,3014.0,1885.0,1163.0,852.0,1059.0,1646.0,2802.0,3839.0,4719.0,5099.0,5211.0,5630.0
3/2/2021,9308,9.0,341,681,1688,8096,32855,67116,8096,32855,67116,2307,6384,16155,10215,42034,116327,10026,41550,114667,2899,10104,40777,45.0,413.0,23.0,182.0,8096,32855,67116,8096,32855,67116,2301,6384,16155,10011,41535,114652,10011,41535,114652,2884,10089,40762,262,495,1225,366,766,2105,742,866,1533,172.0,185,271,742,866,1533,709,822,1442,33.0,44,91,220.0,253,510,522,613,1023,172.0,185,271,154.0,164,235,21,36,47.0,79,127.0,138,192,7.0,6184.0,226.0,33.0,12.0,5.0,21.0,7.0,2.0,6918.0,938.0,392.0,203.0,126.0,224.0,104.0,31.0,41072.0,3820.0,1439.0,904.0,649.0,1558.0,910.0,339.0,6184.0,228.0,34.0,13.0,4.0,19.0,4.0,6923.0,940.0,396.0,197.0,132.0,215.0,97.0,24.0,41106.0,3803.0,1436.0,897.0,651.0,1540.0,912.0,308.0,9,119,23,27,0,263,25,108,603,41,9,194,82,28,0,507,116,109,1218,225,79,197,1,89,176,402,80,108,488,1293,155,169,17.0,1385.0,474.0,28.0,29.0,4527.0,2600.0,132.0,33.0,38.0,26.0,9004.0,37.0,26.0,48.0,42.0,12.0,26.0,356.0,82.0,20.0,6871.0,23.0,18.0,27.0,97.0,12.0,12.0,13.0,57.0,122.0,9.0,24.0,71.0,93.0,47.0,9.0,18.0,18.0,11.0,86.0,11.0,85.0,9.0,13.0,23.0,8.0,85.0,36.0,17.0,461.0,1788.0,6991.0,5.0,21.0,8.0,29.0,2.0,93.0,17.0,3.0,136.0,22.0,3.0,410.0,143.0,9.0,3.0,35.0,147.0,4.0,722.0,2.0,28.0,4.0,123.0,1.0,2.0,3.0,6.0,1.0,30.0,11.0,566.0,2.0,9.0,1.0,1.0,5.0,7.0,12.0,10.0,3.0,3.0,15.0,20.0,61.0,88.0,2.0,313.0,453.0,21.0,2.0,175,80,11,29,478,109,35,32,595,41,111,115,23,10,18,262,25,28,52,1166,209,129,5278.0,5164.0,4885.0,4759.0,5113.0,5171.0,5292.0,5596.0,5863.0,5841.0,5264.0,4233.0,3028.0,1873.0,1137.0,908.0,1039.0,1643.0,2701.0,3847.0,4728.0,5048.0,5330.0,5648.0
3/3/2021,9312,6.0,185,700,1659,7661,35441,69265,7660,35441,69265,1956,7027,15984,9656,48991,123818,9475,48378,122041,2541,11724,41979,45.0,413.0,23.0,182.0,7657,35441,69265,7657,35441,69265,1951,7027,15984,9470,48358,122021,9470,48358,122021,2536,11704,41959,133,517,1220,183,813,2170,234,1080,1723,29.0,213,293,234,1080,1723,232,1034,1633,2.0,46,90,46.0,347,599,188,733,1124,29.0,213,293,29.0,192,260,21,33,55.0,84,25.0,158,209,7.0,6184.0,226.0,33.0,12.0,5.0,21.0,7.0,2.0,6918.0,938.0,392.0,203.0,126.0,224.0,104.0,31.0,41072.0,3820.0,1439.0,904.0,649.0,1558.0,910.0,339.0,6184.0,228.0,34.0,13.0,4.0,19.0,4.0,6923.0,940.0,396.0,197.0,132.0,215.0,97.0,24.0,41106.0,3803.0,1436.0,897.0,651.0,1540.0,912.0,308.0,6,71,13,29,2,264,27,108,583,41,6,111,55,29,5,463,165,109,1244,279,82,77,11,13,250,409,33,121,569,1260,161,180,17.0,1385.0,474.0,28.0,29.0,4527.0,2600.0,132.0,33.0,38.0,26.0,9004.0,37.0,26.0,48.0,42.0,12.0,26.0,356.0,82.0,20.0,6871.0,23.0,18.0,27.0,97.0,12.0,12.0,13.0,57.0,122.0,9.0,24.0,71.0,93.0,47.0,9.0,18.0,18.0,11.0,86.0,11.0,85.0,9.0,13.0,23.0,8.0,85.0,36.0,17.0,461.0,1788.0,6991.0,5.0,21.0,8.0,29.0,2.0,93.0,17.0,3.0,136.0,22.0,3.0,410.0,143.0,9.0,3.0,35.0,147.0,4.0,722.0,2.0,28.0,4.0,123.0,1.0,2.0,3.0,6.0,1.0,30.0,11.0,566.0,2.0,9.0,1.0,1.0,5.0,7.0,12.0,10.0,3.0,3.0,15.0,20.0,61.0,88.0,2.0,313.0,453.0,21.0,2.0,110,52,14,24,439,158,41,33,575,41,112,71,13,8,18,263,27,31,53,1191,260,137,5239.0,5191.0,4883.0,4643.0,4999.0,5148.0,5281.0,5586.0,5851.0,5792.0,5299.0,4213.0,3022.0,1974.0,1273.0,957.0,1156.0,1625.0,2748.0,3829.0,4653.0,5011.0,5245.0,5618.0
3/4/2021,9318,7.0,173,803,1737,14132,44807,76457,14070,44766,76457,3045,8574,16834,15481,63604,137912,15410,62942,136106,3586,14774,44589,45.0,413.0,23.0,182.0,14070,44766,76457,14070,44766,76457,3045,8574,16834,15407,62919,136083,15407,62919,136083,3583,14751,44566,129,604,1290,166,954,2308,121,1172,1803,13.0,220,302,121,1172,1803,120,1129,1714,1.0,43,89,9.0,380,623,112,792,1180,13.0,220,302,13.0,201,269,19,33,58.0,85,13.0,162,217,6.0,6184.0,226.0,33.0,12.0,5.0,21.0,7.0,2.0,6918.0,938.0,392.0,203.0,126.0,224.0,104.0,31.0,41072.0,3820.0,1439.0,904.0,649.0,1558.0,910.0,339.0,6184.0,228.0,34.0,13.0,4.0,19.0,4.0,6923.0,940.0,396.0,197.0,132.0,215.0,97.0,24.0,41106.0,3803.0,1436.0,897.0,651.0,1540.0,912.0,308.0,7,53,10,34,2,293,29,112,603,42,7,68,19,34,5,519,184,113,1302,298,53,106,3,4,302,504,28,120,620,1346,163,179,17.0,1385.0,474.0,28.0,29.0,4527.0,2600.0,132.0,33.0,38.0,26.0,9004.0,37.0,26.0,48.0,42.0,12.0,26.0,356.0,82.0,20.0,6871.0,23.0,18.0,27.0,97.0,12.0,12.0,13.0,57.0,122.0,9.0,24.0,71.0,93.0,47.0,9.0,18.0,18.0,11.0,86.0,11.0,85.0,9.0,13.0,23.0,8.0,85.0,36.0,17.0,461.0,1788.0,6991.0,5.0,21.0,8.0,29.0,2.0,93.0,17.0,3.0,136.0,22.0,3.0,410.0,143.0,9.0,3.0,35.0,147.0,4.0,722.0,2.0,28.0,4.0,123.0,1.0,2.0,3.0,6.0,1.0,30.0,11.0,566.0,2.0,9.0,1.0,1.0,5.0,7.0,12.0,10.0,3.0,3.0,15.0,20.0,61.0,88.0,2.0,313.0,453.0,21.0,2.0,64,18,8,28,491,176,47,35,593,42,116,52,9,8,21,291,29,36,57,1245,278,142,5183.0,5181.0,4877.0,4598.0,4950.0,5054.0,5186.0,5393.0,5680.0,5746.0,5325.0,4243.0,3110.0,2058.0,1247.0,903.0,1029.0,1305.0,1991.0,2993.0,3917.0,4522.0,5030.0,5131.0
3/5/2021,9325,7.0,164,898,1818,14338,52987,83396,14323,52929,83396,2549,9124,17079,17286,80280,153866,17176,79535,152022,3597,17921,47366,45.0,413.0,23.0,182.0,14323,52929,83396,14323,52929,83396,2549,9124,17079,17176,79512,151999,17176,79512,151999,3597,17898,47343,111,685,1357,147,1096,2426,77,1241,1843,5.0,225,302,77,1241,1843,75,1196,1754,2.0,45,89,14.0,413,650,63,828,1193,5.0,225,302,5.0,206,269,19,33,58.0,86,5.0,167,216,6.0,6184.0,226.0,33.0,12.0,5.0,21.0,7.0,2.0,6918.0,938.0,392.0,203.0,126.0,224.0,104.0,31.0,41072.0,3820.0,1439.0,904.0,649.0,1558.0,910.0,339.0,6184.0,228.0,34.0,13.0,4.0,19.0,4.0,6923.0,940.0,396.0,197.0,132.0,215.0,97.0,24.0,41106.0,3803.0,1436.0,897.0,651.0,1540.0,912.0,308.0,7,53,7,39,2,320,29,114,623,42,7,84,31,39,5,603,215,115,1380,313,48,87,6,6,350,587,33,126,659,1417,169,181,17.0,1385.0,474.0,28.0,29.0,4527.0,2600.0,132.0,33.0,38.0,26.0,9004.0,37.0,26.0,48.0,42.0,12.0,26.0,356.0,82.0,20.0,6871.0,23.0,18.0,27.0,97.0,12.0,12.0,13.0,57.0,122.0,9.0,24.0,71.0,93.0,47.0,9.0,18.0,18.0,11.0,86.0,11.0,85.0,9.0,13.0,23.0,8.0,85.0,36.0,17.0,461.0,1788.0,6991.0,5.0,21.0,8.0,29.0,2.0,93.0,17.0,3.0,136.0,22.0,3.0,410.0,143.0,9.0,3.0,35.0,147.0,4.0,722.0,2.0,28.0,4.0,123.0,1.0,2.0,3.0,6.0,1.0,30.0,11.0,566.0,2.0,9.0,1.0,1.0,5.0,7.0,12.0,10.0,3.0,3.0,15.0,20.0,61.0,88.0,2.0,313.0,453.0,21.0,2.0,78,28,10,34,569,204,55,37,612,42,118,52,7,8,23,316,29,41,63,1317,290,147,5183.0,5181.0,4877.0,4598.0,4950.0,5054.0,5186.0,5393.0,5680.0,5746.0,5325.0,4243.0,3110.0,2058.0,1247.0,903.0,1029.0,1305.0,1991.0,2993.0,3917.0,4522.0,5030.0,5131.0
3/6/2021,9343,7.0,56,926,1668,2285,54018,83364,2282,54070,83380,700,9118,16354,2555,80924,150559,2531,80252,148949,845,18170,44066,45.0,413.0,23.0,182.0,2282,53225,83380,2282,54070,83380,700,9118,16354,2531,80229,148926,2531,80229,148926,845,18147,44043,45,707,1238,53,1039,2185,27,1245,1835,7.0,231,306,27,1245,1835,26,1204,1746,1.0,41,89,3.0,419,648,24,826,1187,7.0,231,306,7.0,212,273,19,33,59.0,88,7.0,172,218,6.0,6184.0,226.0,33.0,12.0,5.0,21.0,7.0,2.0,6918.0,938.0,392.0,203.0,126.0,224.0,104.0,31.0,41072.0,3820.0,1439.0,904.0,649.0,1558.0,910.0,339.0,6184.0,228.0,34.0,13.0,4.0,19.0,4.0,6923.0,940.0,396.0,197.0,132.0,215.0,97.0,24.0,41106.0,3803.0,1436.0,897.0,651.0,1540.0,912.0,308.0,0,12,1,37,2,323,29,112,588,41,0,12,1,37,5,591,190,113,1306,273,12,19,2,20,321,589,32,136,568,1252,166,200,17.0,1385.0,474.0,28.0,29.0,4527.0,2600.0,132.0,33.0,38.0,26.0,9004.0,37.0,26.0,48.0,42.0,12.0,26.0,356.0,82.0,20.0,6871.0,23.0,18.0,27.0,97.0,12.0,12.0,13.0,57.0,122.0,9.0,24.0,71.0,93.0,47.0,9.0,18.0,18.0,11.0,86.0,11.0,85.0,9.0,13.0,23.0,8.0,85.0,36.0,17.0,461.0,1788.0,6991.0,5.0,21.0,8.0,29.0,2.0,93.0,17.0,3.0,136.0,22.0,3.0,410.0,143.0,9.0,3.0,35.0,147.0,4.0,722.0,2.0,28.0,4.0,123.0,1.0,2.0,3.0,6.0,1.0,30.0,11.0,566.0,2.0,9.0,1.0,1.0,5.0,7.0,12.0,10.0,3.0,3.0,15.0,20.0,61.0,88.0,2.0,313.0,453.0,21.0,2.0,12,1,0,34,550,179,52,36,577,41,116,12,1,0,23,320,29,39,60,1246,251,144,5183.0,5181.0,4877.0,4598.0,4950.0,5054.0,5186.0,5393.0,5680.0,5746.0,5325.0,4243.0,3110.0,2058.0,1247.0,903.0,1029.0,1305.0,1991.0,2993.0,3917.0,4522.0,5030.0,5131.0
